"ID";"Geslacht";"Leeftijd";"Onderwijssoort";"Migratieachtergrond";"RegioS";"Perioden";"LeerlingenStudenten_1"
"2741376";"T001038";"10000";"A025294";"T001040";"NL01  ";"2000SJ00";"312698"
"2741377";"T001038";"10000";"A025294";"T001040";"NL01  ";"2001SJ00";"321508"
"2741378";"T001038";"10000";"A025294";"T001040";"NL01  ";"2002SJ00";"322963"
"2741379";"T001038";"10000";"A025294";"T001040";"NL01  ";"2003SJ00";"335706"
"2741380";"T001038";"10000";"A025294";"T001040";"NL01  ";"2004SJ00";"346640"
"2741381";"T001038";"10000";"A025294";"T001040";"NL01  ";"2005SJ00";"356842"
"2741382";"T001038";"10000";"A025294";"T001040";"NL01  ";"2006SJ00";"366689"
"2741383";"T001038";"10000";"A025294";"T001040";"NL01  ";"2007SJ00";"374802"
"2741384";"T001038";"10000";"A025294";"T001040";"NL01  ";"2008SJ00";"383713"
"2741385";"T001038";"10000";"A025294";"T001040";"NL01  ";"2009SJ00";"403278"
"2741386";"T001038";"10000";"A025294";"T001040";"NL01  ";"2010SJ00";"416629"
"2741387";"T001038";"10000";"A025294";"T001040";"NL01  ";"2011SJ00";"423945"
"2741388";"T001038";"10000";"A025294";"T001040";"NL01  ";"2012SJ00";"421693"
"2741389";"T001038";"10000";"A025294";"T001040";"NL01  ";"2013SJ00";"440293"
"2741390";"T001038";"10000";"A025294";"T001040";"NL01  ";"2014SJ00";"446434"
"2741391";"T001038";"10000";"A025294";"T001040";"NL01  ";"2015SJ00";"442594"
"2741392";"T001038";"10000";"A025294";"T001040";"NL01  ";"2016SJ00";"446645"
"2741393";"T001038";"10000";"A025294";"T001040";"NL01  ";"2017SJ00";"452690"
"2741394";"T001038";"10000";"A025294";"T001040";"NL01  ";"2018SJ00";"455670"
"2741395";"T001038";"10000";"A025294";"T001040";"NL01  ";"2019SJ00";"463330"
"2741396";"T001038";"10000";"A025294";"T001040";"NL01  ";"2020SJ00";"489262"
"2741397";"T001038";"10000";"A025294";"T001040";"NL01  ";"2021SJ00";"491499"
"2756952";"T001038";"10000";"A025294";"1012600";"NL01  ";"2000SJ00";"242660"
"2756953";"T001038";"10000";"A025294";"1012600";"NL01  ";"2001SJ00";"246838"
"2756954";"T001038";"10000";"A025294";"1012600";"NL01  ";"2002SJ00";"248361"
"2756955";"T001038";"10000";"A025294";"1012600";"NL01  ";"2003SJ00";"258700"
"2756956";"T001038";"10000";"A025294";"1012600";"NL01  ";"2004SJ00";"265525"
"2756957";"T001038";"10000";"A025294";"1012600";"NL01  ";"2005SJ00";"272671"
"2756958";"T001038";"10000";"A025294";"1012600";"NL01  ";"2006SJ00";"278630"
"2756959";"T001038";"10000";"A025294";"1012600";"NL01  ";"2007SJ00";"282365"
"2756960";"T001038";"10000";"A025294";"1012600";"NL01  ";"2008SJ00";"286373"
"2756961";"T001038";"10000";"A025294";"1012600";"NL01  ";"2009SJ00";"298649"
"2756962";"T001038";"10000";"A025294";"1012600";"NL01  ";"2010SJ00";"307774"
"2756963";"T001038";"10000";"A025294";"1012600";"NL01  ";"2011SJ00";"311573"
"2756964";"T001038";"10000";"A025294";"1012600";"NL01  ";"2012SJ00";"308998"
"2756965";"T001038";"10000";"A025294";"1012600";"NL01  ";"2013SJ00";"322606"
"2756966";"T001038";"10000";"A025294";"1012600";"NL01  ";"2014SJ00";"328086"
"2756967";"T001038";"10000";"A025294";"1012600";"NL01  ";"2015SJ00";"324717"
"2756968";"T001038";"10000";"A025294";"1012600";"NL01  ";"2016SJ00";"327256"
"2756969";"T001038";"10000";"A025294";"1012600";"NL01  ";"2017SJ00";"330158"
"2756970";"T001038";"10000";"A025294";"1012600";"NL01  ";"2018SJ00";"330512"
"2756971";"T001038";"10000";"A025294";"1012600";"NL01  ";"2019SJ00";"333772"
"2756972";"T001038";"10000";"A025294";"1012600";"NL01  ";"2020SJ00";"350203"
"2756973";"T001038";"10000";"A025294";"1012600";"NL01  ";"2021SJ00";"348598"
"2772528";"T001038";"10000";"A025294";"2012605";"NL01  ";"2000SJ00";"50419"
"2772529";"T001038";"10000";"A025294";"2012605";"NL01  ";"2001SJ00";"55438"
"2772530";"T001038";"10000";"A025294";"2012605";"NL01  ";"2002SJ00";"60563"
"2772531";"T001038";"10000";"A025294";"2012605";"NL01  ";"2003SJ00";"67570"
"2772532";"T001038";"10000";"A025294";"2012605";"NL01  ";"2004SJ00";"72404"
"2772533";"T001038";"10000";"A025294";"2012605";"NL01  ";"2005SJ00";"76070"
"2772534";"T001038";"10000";"A025294";"2012605";"NL01  ";"2006SJ00";"79483"
"2772535";"T001038";"10000";"A025294";"2012605";"NL01  ";"2007SJ00";"84870"
"2772536";"T001038";"10000";"A025294";"2012605";"NL01  ";"2008SJ00";"89864"
"2772537";"T001038";"10000";"A025294";"2012605";"NL01  ";"2009SJ00";"94035"
"2772538";"T001038";"10000";"A025294";"2012605";"NL01  ";"2010SJ00";"100942"
"2772539";"T001038";"10000";"A025294";"2012605";"NL01  ";"2011SJ00";"104703"
"2772540";"T001038";"10000";"A025294";"2012605";"NL01  ";"2012SJ00";"109926"
"2772541";"T001038";"10000";"A025294";"2012605";"NL01  ";"2013SJ00";"115396"
"2772542";"T001038";"10000";"A025294";"2012605";"NL01  ";"2014SJ00";"118308"
"2772543";"T001038";"10000";"A025294";"2012605";"NL01  ";"2015SJ00";"117845"
"2772544";"T001038";"10000";"A025294";"2012605";"NL01  ";"2016SJ00";"119348"
"2772545";"T001038";"10000";"A025294";"2012605";"NL01  ";"2017SJ00";"122500"
"2772546";"T001038";"10000";"A025294";"2012605";"NL01  ";"2018SJ00";"125095"
"2772547";"T001038";"10000";"A025294";"2012605";"NL01  ";"2019SJ00";"129485"
"2772548";"T001038";"10000";"A025294";"2012605";"NL01  ";"2020SJ00";"139046"
"2772549";"T001038";"10000";"A025294";"2012605";"NL01  ";"2021SJ00";"142857"
"2788104";"T001038";"10000";"A025294";"2012655";"NL01  ";"2000SJ00";"22963"
"2788105";"T001038";"10000";"A025294";"2012655";"NL01  ";"2001SJ00";"24358"
"2788106";"T001038";"10000";"A025294";"2012655";"NL01  ";"2002SJ00";"25669"
"2788107";"T001038";"10000";"A025294";"2012655";"NL01  ";"2003SJ00";"28109"
"2788108";"T001038";"10000";"A025294";"2012655";"NL01  ";"2004SJ00";"29592"
"2788109";"T001038";"10000";"A025294";"2012655";"NL01  ";"2005SJ00";"30520"
"2788110";"T001038";"10000";"A025294";"2012655";"NL01  ";"2006SJ00";"31338"
"2788111";"T001038";"10000";"A025294";"2012655";"NL01  ";"2007SJ00";"33811"
"2788112";"T001038";"10000";"A025294";"2012655";"NL01  ";"2008SJ00";"35743"
"2788113";"T001038";"10000";"A025294";"2012655";"NL01  ";"2009SJ00";"35480"
"2788114";"T001038";"10000";"A025294";"2012655";"NL01  ";"2010SJ00";"39487"
"2788115";"T001038";"10000";"A025294";"2012655";"NL01  ";"2011SJ00";"40735"
"2788116";"T001038";"10000";"A025294";"2012655";"NL01  ";"2012SJ00";"45336"
"2788117";"T001038";"10000";"A025294";"2012655";"NL01  ";"2013SJ00";"47094"
"2788118";"T001038";"10000";"A025294";"2012655";"NL01  ";"2014SJ00";"48931"
"2788119";"T001038";"10000";"A025294";"2012655";"NL01  ";"2015SJ00";"48401"
"2788120";"T001038";"10000";"A025294";"2012655";"NL01  ";"2016SJ00";"48578"
"2788121";"T001038";"10000";"A025294";"2012655";"NL01  ";"2017SJ00";"49222"
"2788122";"T001038";"10000";"A025294";"2012655";"NL01  ";"2018SJ00";"50036"
"2788123";"T001038";"10000";"A025294";"2012655";"NL01  ";"2019SJ00";"51477"
"2788124";"T001038";"10000";"A025294";"2012655";"NL01  ";"2020SJ00";"54514"
"2788125";"T001038";"10000";"A025294";"2012655";"NL01  ";"2021SJ00";"56277"
"2803680";"T001038";"10000";"A025294";"2012657";"NL01  ";"2000SJ00";"27456"
"2803681";"T001038";"10000";"A025294";"2012657";"NL01  ";"2001SJ00";"31080"
"2803682";"T001038";"10000";"A025294";"2012657";"NL01  ";"2002SJ00";"34894"
"2803683";"T001038";"10000";"A025294";"2012657";"NL01  ";"2003SJ00";"39461"
"2803684";"T001038";"10000";"A025294";"2012657";"NL01  ";"2004SJ00";"42812"
"2803685";"T001038";"10000";"A025294";"2012657";"NL01  ";"2005SJ00";"45550"
"2803686";"T001038";"10000";"A025294";"2012657";"NL01  ";"2006SJ00";"48145"
"2803687";"T001038";"10000";"A025294";"2012657";"NL01  ";"2007SJ00";"51059"
"2803688";"T001038";"10000";"A025294";"2012657";"NL01  ";"2008SJ00";"54121"
"2803689";"T001038";"10000";"A025294";"2012657";"NL01  ";"2009SJ00";"58555"
"2803690";"T001038";"10000";"A025294";"2012657";"NL01  ";"2010SJ00";"61455"
"2803691";"T001038";"10000";"A025294";"2012657";"NL01  ";"2011SJ00";"63968"
"2803692";"T001038";"10000";"A025294";"2012657";"NL01  ";"2012SJ00";"64590"
"2803693";"T001038";"10000";"A025294";"2012657";"NL01  ";"2013SJ00";"68302"
"2803694";"T001038";"10000";"A025294";"2012657";"NL01  ";"2014SJ00";"69377"
"2803695";"T001038";"10000";"A025294";"2012657";"NL01  ";"2015SJ00";"69444"
"2803696";"T001038";"10000";"A025294";"2012657";"NL01  ";"2016SJ00";"70770"
"2803697";"T001038";"10000";"A025294";"2012657";"NL01  ";"2017SJ00";"73278"
"2803698";"T001038";"10000";"A025294";"2012657";"NL01  ";"2018SJ00";"75059"
"2803699";"T001038";"10000";"A025294";"2012657";"NL01  ";"2019SJ00";"78008"
"2803700";"T001038";"10000";"A025294";"2012657";"NL01  ";"2020SJ00";"84532"
"2803701";"T001038";"10000";"A025294";"2012657";"NL01  ";"2021SJ00";"86580"
"2819256";"T001038";"10000";"A025294";"H008766";"NL01  ";"2000SJ00";"3966"
"2819257";"T001038";"10000";"A025294";"H008766";"NL01  ";"2001SJ00";"4447"
"2819258";"T001038";"10000";"A025294";"H008766";"NL01  ";"2002SJ00";"4919"
"2819259";"T001038";"10000";"A025294";"H008766";"NL01  ";"2003SJ00";"5406"
"2819260";"T001038";"10000";"A025294";"H008766";"NL01  ";"2004SJ00";"5833"
"2819261";"T001038";"10000";"A025294";"H008766";"NL01  ";"2005SJ00";"6287"
"2819262";"T001038";"10000";"A025294";"H008766";"NL01  ";"2006SJ00";"6993"
"2819263";"T001038";"10000";"A025294";"H008766";"NL01  ";"2007SJ00";"7644"
"2819264";"T001038";"10000";"A025294";"H008766";"NL01  ";"2008SJ00";"8461"
"2819265";"T001038";"10000";"A025294";"H008766";"NL01  ";"2009SJ00";"9519"
"2819266";"T001038";"10000";"A025294";"H008766";"NL01  ";"2010SJ00";"10268"
"2819267";"T001038";"10000";"A025294";"H008766";"NL01  ";"2011SJ00";"11054"
"2819268";"T001038";"10000";"A025294";"H008766";"NL01  ";"2012SJ00";"11143"
"2819269";"T001038";"10000";"A025294";"H008766";"NL01  ";"2013SJ00";"11799"
"2819270";"T001038";"10000";"A025294";"H008766";"NL01  ";"2014SJ00";"12127"
"2819271";"T001038";"10000";"A025294";"H008766";"NL01  ";"2015SJ00";"12122"
"2819272";"T001038";"10000";"A025294";"H008766";"NL01  ";"2016SJ00";"12256"
"2819273";"T001038";"10000";"A025294";"H008766";"NL01  ";"2017SJ00";"12481"
"2819274";"T001038";"10000";"A025294";"H008766";"NL01  ";"2018SJ00";"12815"
"2819275";"T001038";"10000";"A025294";"H008766";"NL01  ";"2019SJ00";"12993"
"2819276";"T001038";"10000";"A025294";"H008766";"NL01  ";"2020SJ00";"13837"
"2819277";"T001038";"10000";"A025294";"H008766";"NL01  ";"2021SJ00";"13896"
"2834832";"T001038";"10000";"A025294";"H008673";"NL01  ";"2000SJ00";"4214"
"2834833";"T001038";"10000";"A025294";"H008673";"NL01  ";"2001SJ00";"4707"
"2834834";"T001038";"10000";"A025294";"H008673";"NL01  ";"2002SJ00";"5232"
"2834835";"T001038";"10000";"A025294";"H008673";"NL01  ";"2003SJ00";"5879"
"2834836";"T001038";"10000";"A025294";"H008673";"NL01  ";"2004SJ00";"6407"
"2834837";"T001038";"10000";"A025294";"H008673";"NL01  ";"2005SJ00";"6922"
"2834838";"T001038";"10000";"A025294";"H008673";"NL01  ";"2006SJ00";"7453"
"2834839";"T001038";"10000";"A025294";"H008673";"NL01  ";"2007SJ00";"8138"
"2834840";"T001038";"10000";"A025294";"H008673";"NL01  ";"2008SJ00";"8700"
"2834841";"T001038";"10000";"A025294";"H008673";"NL01  ";"2009SJ00";"9305"
"2834842";"T001038";"10000";"A025294";"H008673";"NL01  ";"2010SJ00";"9665"
"2834843";"T001038";"10000";"A025294";"H008673";"NL01  ";"2011SJ00";"10045"
"2834844";"T001038";"10000";"A025294";"H008673";"NL01  ";"2012SJ00";"10124"
"2834845";"T001038";"10000";"A025294";"H008673";"NL01  ";"2013SJ00";"10847"
"2834846";"T001038";"10000";"A025294";"H008673";"NL01  ";"2014SJ00";"11007"
"2834847";"T001038";"10000";"A025294";"H008673";"NL01  ";"2015SJ00";"10907"
"2834848";"T001038";"10000";"A025294";"H008673";"NL01  ";"2016SJ00";"11143"
"2834849";"T001038";"10000";"A025294";"H008673";"NL01  ";"2017SJ00";"11582"
"2834850";"T001038";"10000";"A025294";"H008673";"NL01  ";"2018SJ00";"11894"
"2834851";"T001038";"10000";"A025294";"H008673";"NL01  ";"2019SJ00";"12611"
"2834852";"T001038";"10000";"A025294";"H008673";"NL01  ";"2020SJ00";"14421"
"2834853";"T001038";"10000";"A025294";"H008673";"NL01  ";"2021SJ00";"14928"
"2850408";"T001038";"10000";"A025294";"H008751";"NL01  ";"2000SJ00";"7081"
"2850409";"T001038";"10000";"A025294";"H008751";"NL01  ";"2001SJ00";"7630"
"2850410";"T001038";"10000";"A025294";"H008751";"NL01  ";"2002SJ00";"8162"
"2850411";"T001038";"10000";"A025294";"H008751";"NL01  ";"2003SJ00";"8928"
"2850412";"T001038";"10000";"A025294";"H008751";"NL01  ";"2004SJ00";"9527"
"2850413";"T001038";"10000";"A025294";"H008751";"NL01  ";"2005SJ00";"10077"
"2850414";"T001038";"10000";"A025294";"H008751";"NL01  ";"2006SJ00";"10642"
"2850415";"T001038";"10000";"A025294";"H008751";"NL01  ";"2007SJ00";"11058"
"2850416";"T001038";"10000";"A025294";"H008751";"NL01  ";"2008SJ00";"11403"
"2850417";"T001038";"10000";"A025294";"H008751";"NL01  ";"2009SJ00";"12149"
"2850418";"T001038";"10000";"A025294";"H008751";"NL01  ";"2010SJ00";"12371"
"2850419";"T001038";"10000";"A025294";"H008751";"NL01  ";"2011SJ00";"12374"
"2850420";"T001038";"10000";"A025294";"H008751";"NL01  ";"2012SJ00";"12177"
"2850421";"T001038";"10000";"A025294";"H008751";"NL01  ";"2013SJ00";"12665"
"2850422";"T001038";"10000";"A025294";"H008751";"NL01  ";"2014SJ00";"12418"
"2850423";"T001038";"10000";"A025294";"H008751";"NL01  ";"2015SJ00";"12186"
"2850424";"T001038";"10000";"A025294";"H008751";"NL01  ";"2016SJ00";"12126"
"2850425";"T001038";"10000";"A025294";"H008751";"NL01  ";"2017SJ00";"12212"
"2850426";"T001038";"10000";"A025294";"H008751";"NL01  ";"2018SJ00";"12186"
"2850427";"T001038";"10000";"A025294";"H008751";"NL01  ";"2019SJ00";"12273"
"2850428";"T001038";"10000";"A025294";"H008751";"NL01  ";"2020SJ00";"13167"
"2850429";"T001038";"10000";"A025294";"H008751";"NL01  ";"2021SJ00";"13311"
"2865984";"T001038";"10000";"A025294";"H007119";"NL01  ";"2000SJ00";"4392"
"2865985";"T001038";"10000";"A025294";"H007119";"NL01  ";"2001SJ00";"4887"
"2865986";"T001038";"10000";"A025294";"H007119";"NL01  ";"2002SJ00";"5295"
"2865987";"T001038";"10000";"A025294";"H007119";"NL01  ";"2003SJ00";"5685"
"2865988";"T001038";"10000";"A025294";"H007119";"NL01  ";"2004SJ00";"5868"
"2865989";"T001038";"10000";"A025294";"H007119";"NL01  ";"2005SJ00";"5995"
"2865990";"T001038";"10000";"A025294";"H007119";"NL01  ";"2006SJ00";"6135"
"2865991";"T001038";"10000";"A025294";"H007119";"NL01  ";"2007SJ00";"6358"
"2865992";"T001038";"10000";"A025294";"H007119";"NL01  ";"2008SJ00";"6724"
"2865993";"T001038";"10000";"A025294";"H007119";"NL01  ";"2009SJ00";"6720"
"2865994";"T001038";"10000";"A025294";"H007119";"NL01  ";"2010SJ00";"6783"
"2865995";"T001038";"10000";"A025294";"H007119";"NL01  ";"2011SJ00";"7493"
"2865996";"T001038";"10000";"A025294";"H007119";"NL01  ";"2012SJ00";"7579"
"2865997";"T001038";"10000";"A025294";"H007119";"NL01  ";"2013SJ00";"7994"
"2865998";"T001038";"10000";"A025294";"H007119";"NL01  ";"2014SJ00";"8010"
"2865999";"T001038";"10000";"A025294";"H007119";"NL01  ";"2015SJ00";"7969"
"2866000";"T001038";"10000";"A025294";"H007119";"NL01  ";"2016SJ00";"8037"
"2866001";"T001038";"10000";"A025294";"H007119";"NL01  ";"2017SJ00";"8178"
"2866002";"T001038";"10000";"A025294";"H007119";"NL01  ";"2018SJ00";"8159"
"2866003";"T001038";"10000";"A025294";"H007119";"NL01  ";"2019SJ00";"8311"
"2866004";"T001038";"10000";"A025294";"H007119";"NL01  ";"2020SJ00";"8688"
"2866005";"T001038";"10000";"A025294";"H007119";"NL01  ";"2021SJ00";"9042"
"2881560";"T001038";"10000";"A025294";"A008187";"NL01  ";"2000SJ00";"7803"
"2881561";"T001038";"10000";"A025294";"A008187";"NL01  ";"2001SJ00";"9409"
"2881562";"T001038";"10000";"A025294";"A008187";"NL01  ";"2002SJ00";"11286"
"2881563";"T001038";"10000";"A025294";"A008187";"NL01  ";"2003SJ00";"13563"
"2881564";"T001038";"10000";"A025294";"A008187";"NL01  ";"2004SJ00";"15177"
"2881565";"T001038";"10000";"A025294";"A008187";"NL01  ";"2005SJ00";"16269"
"2881566";"T001038";"10000";"A025294";"A008187";"NL01  ";"2006SJ00";"16922"
"2881567";"T001038";"10000";"A025294";"A008187";"NL01  ";"2007SJ00";"17861"
"2881568";"T001038";"10000";"A025294";"A008187";"NL01  ";"2008SJ00";"18833"
"2881569";"T001038";"10000";"A025294";"A008187";"NL01  ";"2009SJ00";"20862"
"2881570";"T001038";"10000";"A025294";"A008187";"NL01  ";"2010SJ00";"22368"
"2881571";"T001038";"10000";"A025294";"A008187";"NL01  ";"2011SJ00";"23002"
"2881572";"T001038";"10000";"A025294";"A008187";"NL01  ";"2012SJ00";"23567"
"2881573";"T001038";"10000";"A025294";"A008187";"NL01  ";"2013SJ00";"24997"
"2881574";"T001038";"10000";"A025294";"A008187";"NL01  ";"2014SJ00";"25815"
"2881575";"T001038";"10000";"A025294";"A008187";"NL01  ";"2015SJ00";"26260"
"2881576";"T001038";"10000";"A025294";"A008187";"NL01  ";"2016SJ00";"27208"
"2881577";"T001038";"10000";"A025294";"A008187";"NL01  ";"2017SJ00";"28825"
"2881578";"T001038";"10000";"A025294";"A008187";"NL01  ";"2018SJ00";"30005"
"2881579";"T001038";"10000";"A025294";"A008187";"NL01  ";"2019SJ00";"31820"
"2881580";"T001038";"10000";"A025294";"A008187";"NL01  ";"2020SJ00";"34419"
"2881581";"T001038";"10000";"A025294";"A008187";"NL01  ";"2021SJ00";"35403"
"2897136";"T001038";"10000";"A025294";"2012659";"NL01  ";"2000SJ00";"19619"
"2897137";"T001038";"10000";"A025294";"2012659";"NL01  ";"2001SJ00";"19232"
"2897138";"T001038";"10000";"A025294";"2012659";"NL01  ";"2002SJ00";"14039"
"2897139";"T001038";"10000";"A025294";"2012659";"NL01  ";"2003SJ00";"9436"
"2897140";"T001038";"10000";"A025294";"2012659";"NL01  ";"2004SJ00";"8711"
"2897141";"T001038";"10000";"A025294";"2012659";"NL01  ";"2005SJ00";"8101"
"2897142";"T001038";"10000";"A025294";"2012659";"NL01  ";"2006SJ00";"8576"
"2897143";"T001038";"10000";"A025294";"2012659";"NL01  ";"2007SJ00";"7567"
"2897144";"T001038";"10000";"A025294";"2012659";"NL01  ";"2008SJ00";"7476"
"2897145";"T001038";"10000";"A025294";"2012659";"NL01  ";"2009SJ00";"10594"
"2897146";"T001038";"10000";"A025294";"2012659";"NL01  ";"2010SJ00";"7913"
"2897147";"T001038";"10000";"A025294";"2012659";"NL01  ";"2011SJ00";"7669"
"2897148";"T001038";"10000";"A025294";"2012659";"NL01  ";"2012SJ00";"2769"
"2897149";"T001038";"10000";"A025294";"2012659";"NL01  ";"2013SJ00";"2291"
"2897150";"T001038";"10000";"A025294";"2012659";"NL01  ";"2014SJ00";"40"
"2897151";"T001038";"10000";"A025294";"2012659";"NL01  ";"2015SJ00";"32"
"2897152";"T001038";"10000";"A025294";"2012659";"NL01  ";"2016SJ00";"41"
"2897153";"T001038";"10000";"A025294";"2012659";"NL01  ";"2017SJ00";"32"
"2897154";"T001038";"10000";"A025294";"2012659";"NL01  ";"2018SJ00";"63"
"2897155";"T001038";"10000";"A025294";"2012659";"NL01  ";"2019SJ00";"73"
"2897156";"T001038";"10000";"A025294";"2012659";"NL01  ";"2020SJ00";"13"
"2897157";"T001038";"10000";"A025294";"2012659";"NL01  ";"2021SJ00";"44"
"2912712";"T001038";"10000";"A025297";"T001040";"NL01  ";"2000SJ00";"166299"
"2912713";"T001038";"10000";"A025297";"T001040";"NL01  ";"2001SJ00";"173053"
"2912714";"T001038";"10000";"A025297";"T001040";"NL01  ";"2002SJ00";"180100"
"2912715";"T001038";"10000";"A025297";"T001040";"NL01  ";"2003SJ00";"189516"
"2912716";"T001038";"10000";"A025297";"T001040";"NL01  ";"2004SJ00";"199556"
"2912717";"T001038";"10000";"A025297";"T001040";"NL01  ";"2005SJ00";"205886"
"2912718";"T001038";"10000";"A025297";"T001040";"NL01  ";"2006SJ00";"208618"
"2912719";"T001038";"10000";"A025297";"T001040";"NL01  ";"2007SJ00";"212713"
"2912720";"T001038";"10000";"A025297";"T001040";"NL01  ";"2008SJ00";"220504"
"2912721";"T001038";"10000";"A025297";"T001040";"NL01  ";"2009SJ00";"233128"
"2912722";"T001038";"10000";"A025297";"T001040";"NL01  ";"2010SJ00";"242345"
"2912723";"T001038";"10000";"A025297";"T001040";"NL01  ";"2011SJ00";"245428"
"2912724";"T001038";"10000";"A025297";"T001040";"NL01  ";"2012SJ00";"241372"
"2912725";"T001038";"10000";"A025297";"T001040";"NL01  ";"2013SJ00";"250186"
"2912726";"T001038";"10000";"A025297";"T001040";"NL01  ";"2014SJ00";"255661"
"2912727";"T001038";"10000";"A025297";"T001040";"NL01  ";"2015SJ00";"261169"
"2912728";"T001038";"10000";"A025297";"T001040";"NL01  ";"2016SJ00";"268027"
"2912729";"T001038";"10000";"A025297";"T001040";"NL01  ";"2017SJ00";"280038"
"2912730";"T001038";"10000";"A025297";"T001040";"NL01  ";"2018SJ00";"294712"
"2912731";"T001038";"10000";"A025297";"T001040";"NL01  ";"2019SJ00";"306888"
"2912732";"T001038";"10000";"A025297";"T001040";"NL01  ";"2020SJ00";"331419"
"2912733";"T001038";"10000";"A025297";"T001040";"NL01  ";"2021SJ00";"344721"
"2928288";"T001038";"10000";"A025297";"1012600";"NL01  ";"2000SJ00";"132288"
"2928289";"T001038";"10000";"A025297";"1012600";"NL01  ";"2001SJ00";"136697"
"2928290";"T001038";"10000";"A025297";"1012600";"NL01  ";"2002SJ00";"140800"
"2928291";"T001038";"10000";"A025297";"1012600";"NL01  ";"2003SJ00";"146445"
"2928292";"T001038";"10000";"A025297";"1012600";"NL01  ";"2004SJ00";"152465"
"2928293";"T001038";"10000";"A025297";"1012600";"NL01  ";"2005SJ00";"155718"
"2928294";"T001038";"10000";"A025297";"1012600";"NL01  ";"2006SJ00";"156135"
"2928295";"T001038";"10000";"A025297";"1012600";"NL01  ";"2007SJ00";"157307"
"2928296";"T001038";"10000";"A025297";"1012600";"NL01  ";"2008SJ00";"161173"
"2928297";"T001038";"10000";"A025297";"1012600";"NL01  ";"2009SJ00";"168302"
"2928298";"T001038";"10000";"A025297";"1012600";"NL01  ";"2010SJ00";"173170"
"2928299";"T001038";"10000";"A025297";"1012600";"NL01  ";"2011SJ00";"173306"
"2928300";"T001038";"10000";"A025297";"1012600";"NL01  ";"2012SJ00";"168732"
"2928301";"T001038";"10000";"A025297";"1012600";"NL01  ";"2013SJ00";"173682"
"2928302";"T001038";"10000";"A025297";"1012600";"NL01  ";"2014SJ00";"176358"
"2928303";"T001038";"10000";"A025297";"1012600";"NL01  ";"2015SJ00";"177190"
"2928304";"T001038";"10000";"A025297";"1012600";"NL01  ";"2016SJ00";"177974"
"2928305";"T001038";"10000";"A025297";"1012600";"NL01  ";"2017SJ00";"182151"
"2928306";"T001038";"10000";"A025297";"1012600";"NL01  ";"2018SJ00";"187327"
"2928307";"T001038";"10000";"A025297";"1012600";"NL01  ";"2019SJ00";"190965"
"2928308";"T001038";"10000";"A025297";"1012600";"NL01  ";"2020SJ00";"202048"
"2928309";"T001038";"10000";"A025297";"1012600";"NL01  ";"2021SJ00";"203414"
"2943864";"T001038";"10000";"A025297";"2012605";"NL01  ";"2000SJ00";"29833"
"2943865";"T001038";"10000";"A025297";"2012605";"NL01  ";"2001SJ00";"32235"
"2943866";"T001038";"10000";"A025297";"2012605";"NL01  ";"2002SJ00";"35349"
"2943867";"T001038";"10000";"A025297";"2012605";"NL01  ";"2003SJ00";"39422"
"2943868";"T001038";"10000";"A025297";"2012605";"NL01  ";"2004SJ00";"43308"
"2943869";"T001038";"10000";"A025297";"2012605";"NL01  ";"2005SJ00";"46137"
"2943870";"T001038";"10000";"A025297";"2012605";"NL01  ";"2006SJ00";"48034"
"2943871";"T001038";"10000";"A025297";"2012605";"NL01  ";"2007SJ00";"50521"
"2943872";"T001038";"10000";"A025297";"2012605";"NL01  ";"2008SJ00";"55084"
"2943873";"T001038";"10000";"A025297";"2012605";"NL01  ";"2009SJ00";"57778"
"2943874";"T001038";"10000";"A025297";"2012605";"NL01  ";"2010SJ00";"66364"
"2943875";"T001038";"10000";"A025297";"2012605";"NL01  ";"2011SJ00";"69056"
"2943876";"T001038";"10000";"A025297";"2012605";"NL01  ";"2012SJ00";"71955"
"2943877";"T001038";"10000";"A025297";"2012605";"NL01  ";"2013SJ00";"75717"
"2943878";"T001038";"10000";"A025297";"2012605";"NL01  ";"2014SJ00";"79247"
"2943879";"T001038";"10000";"A025297";"2012605";"NL01  ";"2015SJ00";"83941"
"2943880";"T001038";"10000";"A025297";"2012605";"NL01  ";"2016SJ00";"90009"
"2943881";"T001038";"10000";"A025297";"2012605";"NL01  ";"2017SJ00";"97855"
"2943882";"T001038";"10000";"A025297";"2012605";"NL01  ";"2018SJ00";"107345"
"2943883";"T001038";"10000";"A025297";"2012605";"NL01  ";"2019SJ00";"115881"
"2943884";"T001038";"10000";"A025297";"2012605";"NL01  ";"2020SJ00";"129341"
"2943885";"T001038";"10000";"A025297";"2012605";"NL01  ";"2021SJ00";"141058"
"2959440";"T001038";"10000";"A025297";"2012655";"NL01  ";"2000SJ00";"16222"
"2959441";"T001038";"10000";"A025297";"2012655";"NL01  ";"2001SJ00";"16973"
"2959442";"T001038";"10000";"A025297";"2012655";"NL01  ";"2002SJ00";"18021"
"2959443";"T001038";"10000";"A025297";"2012655";"NL01  ";"2003SJ00";"19386"
"2959444";"T001038";"10000";"A025297";"2012655";"NL01  ";"2004SJ00";"20960"
"2959445";"T001038";"10000";"A025297";"2012655";"NL01  ";"2005SJ00";"22288"
"2959446";"T001038";"10000";"A025297";"2012655";"NL01  ";"2006SJ00";"23076"
"2959447";"T001038";"10000";"A025297";"2012655";"NL01  ";"2007SJ00";"24357"
"2959448";"T001038";"10000";"A025297";"2012655";"NL01  ";"2008SJ00";"27449"
"2959449";"T001038";"10000";"A025297";"2012655";"NL01  ";"2009SJ00";"27996"
"2959450";"T001038";"10000";"A025297";"2012655";"NL01  ";"2010SJ00";"34504"
"2959451";"T001038";"10000";"A025297";"2012655";"NL01  ";"2011SJ00";"36427"
"2959452";"T001038";"10000";"A025297";"2012655";"NL01  ";"2012SJ00";"39280"
"2959453";"T001038";"10000";"A025297";"2012655";"NL01  ";"2013SJ00";"41432"
"2959454";"T001038";"10000";"A025297";"2012655";"NL01  ";"2014SJ00";"44078"
"2959455";"T001038";"10000";"A025297";"2012655";"NL01  ";"2015SJ00";"46956"
"2959456";"T001038";"10000";"A025297";"2012655";"NL01  ";"2016SJ00";"51371"
"2959457";"T001038";"10000";"A025297";"2012655";"NL01  ";"2017SJ00";"56294"
"2959458";"T001038";"10000";"A025297";"2012655";"NL01  ";"2018SJ00";"62381"
"2959459";"T001038";"10000";"A025297";"2012655";"NL01  ";"2019SJ00";"67264"
"2959460";"T001038";"10000";"A025297";"2012655";"NL01  ";"2020SJ00";"75534"
"2959461";"T001038";"10000";"A025297";"2012655";"NL01  ";"2021SJ00";"83583"
"2975016";"T001038";"10000";"A025297";"2012657";"NL01  ";"2000SJ00";"13611"
"2975017";"T001038";"10000";"A025297";"2012657";"NL01  ";"2001SJ00";"15262"
"2975018";"T001038";"10000";"A025297";"2012657";"NL01  ";"2002SJ00";"17328"
"2975019";"T001038";"10000";"A025297";"2012657";"NL01  ";"2003SJ00";"20036"
"2975020";"T001038";"10000";"A025297";"2012657";"NL01  ";"2004SJ00";"22348"
"2975021";"T001038";"10000";"A025297";"2012657";"NL01  ";"2005SJ00";"23849"
"2975022";"T001038";"10000";"A025297";"2012657";"NL01  ";"2006SJ00";"24958"
"2975023";"T001038";"10000";"A025297";"2012657";"NL01  ";"2007SJ00";"26164"
"2975024";"T001038";"10000";"A025297";"2012657";"NL01  ";"2008SJ00";"27635"
"2975025";"T001038";"10000";"A025297";"2012657";"NL01  ";"2009SJ00";"29782"
"2975026";"T001038";"10000";"A025297";"2012657";"NL01  ";"2010SJ00";"31860"
"2975027";"T001038";"10000";"A025297";"2012657";"NL01  ";"2011SJ00";"32629"
"2975028";"T001038";"10000";"A025297";"2012657";"NL01  ";"2012SJ00";"32675"
"2975029";"T001038";"10000";"A025297";"2012657";"NL01  ";"2013SJ00";"34285"
"2975030";"T001038";"10000";"A025297";"2012657";"NL01  ";"2014SJ00";"35169"
"2975031";"T001038";"10000";"A025297";"2012657";"NL01  ";"2015SJ00";"36985"
"2975032";"T001038";"10000";"A025297";"2012657";"NL01  ";"2016SJ00";"38638"
"2975033";"T001038";"10000";"A025297";"2012657";"NL01  ";"2017SJ00";"41561"
"2975034";"T001038";"10000";"A025297";"2012657";"NL01  ";"2018SJ00";"44964"
"2975035";"T001038";"10000";"A025297";"2012657";"NL01  ";"2019SJ00";"48617"
"2975036";"T001038";"10000";"A025297";"2012657";"NL01  ";"2020SJ00";"53807"
"2975037";"T001038";"10000";"A025297";"2012657";"NL01  ";"2021SJ00";"57475"
"2990592";"T001038";"10000";"A025297";"H008766";"NL01  ";"2000SJ00";"1663"
"2990593";"T001038";"10000";"A025297";"H008766";"NL01  ";"2001SJ00";"1869"
"2990594";"T001038";"10000";"A025297";"H008766";"NL01  ";"2002SJ00";"2057"
"2990595";"T001038";"10000";"A025297";"H008766";"NL01  ";"2003SJ00";"2261"
"2990596";"T001038";"10000";"A025297";"H008766";"NL01  ";"2004SJ00";"2443"
"2990597";"T001038";"10000";"A025297";"H008766";"NL01  ";"2005SJ00";"2635"
"2990598";"T001038";"10000";"A025297";"H008766";"NL01  ";"2006SJ00";"2754"
"2990599";"T001038";"10000";"A025297";"H008766";"NL01  ";"2007SJ00";"2923"
"2990600";"T001038";"10000";"A025297";"H008766";"NL01  ";"2008SJ00";"3168"
"2990601";"T001038";"10000";"A025297";"H008766";"NL01  ";"2009SJ00";"3451"
"2990602";"T001038";"10000";"A025297";"H008766";"NL01  ";"2010SJ00";"3749"
"2990603";"T001038";"10000";"A025297";"H008766";"NL01  ";"2011SJ00";"3869"
"2990604";"T001038";"10000";"A025297";"H008766";"NL01  ";"2012SJ00";"3867"
"2990605";"T001038";"10000";"A025297";"H008766";"NL01  ";"2013SJ00";"4008"
"2990606";"T001038";"10000";"A025297";"H008766";"NL01  ";"2014SJ00";"4030"
"2990607";"T001038";"10000";"A025297";"H008766";"NL01  ";"2015SJ00";"4185"
"2990608";"T001038";"10000";"A025297";"H008766";"NL01  ";"2016SJ00";"4328"
"2990609";"T001038";"10000";"A025297";"H008766";"NL01  ";"2017SJ00";"4628"
"2990610";"T001038";"10000";"A025297";"H008766";"NL01  ";"2018SJ00";"5004"
"2990611";"T001038";"10000";"A025297";"H008766";"NL01  ";"2019SJ00";"5453"
"2990612";"T001038";"10000";"A025297";"H008766";"NL01  ";"2020SJ00";"6221"
"2990613";"T001038";"10000";"A025297";"H008766";"NL01  ";"2021SJ00";"6783"
"3006168";"T001038";"10000";"A025297";"H008673";"NL01  ";"2000SJ00";"1340"
"3006169";"T001038";"10000";"A025297";"H008673";"NL01  ";"2001SJ00";"1538"
"3006170";"T001038";"10000";"A025297";"H008673";"NL01  ";"2002SJ00";"1753"
"3006171";"T001038";"10000";"A025297";"H008673";"NL01  ";"2003SJ00";"1989"
"3006172";"T001038";"10000";"A025297";"H008673";"NL01  ";"2004SJ00";"2188"
"3006173";"T001038";"10000";"A025297";"H008673";"NL01  ";"2005SJ00";"2276"
"3006174";"T001038";"10000";"A025297";"H008673";"NL01  ";"2006SJ00";"2303"
"3006175";"T001038";"10000";"A025297";"H008673";"NL01  ";"2007SJ00";"2424"
"3006176";"T001038";"10000";"A025297";"H008673";"NL01  ";"2008SJ00";"2469"
"3006177";"T001038";"10000";"A025297";"H008673";"NL01  ";"2009SJ00";"2739"
"3006178";"T001038";"10000";"A025297";"H008673";"NL01  ";"2010SJ00";"2934"
"3006179";"T001038";"10000";"A025297";"H008673";"NL01  ";"2011SJ00";"3054"
"3006180";"T001038";"10000";"A025297";"H008673";"NL01  ";"2012SJ00";"3007"
"3006181";"T001038";"10000";"A025297";"H008673";"NL01  ";"2013SJ00";"3177"
"3006182";"T001038";"10000";"A025297";"H008673";"NL01  ";"2014SJ00";"3289"
"3006183";"T001038";"10000";"A025297";"H008673";"NL01  ";"2015SJ00";"3345"
"3006184";"T001038";"10000";"A025297";"H008673";"NL01  ";"2016SJ00";"3448"
"3006185";"T001038";"10000";"A025297";"H008673";"NL01  ";"2017SJ00";"3650"
"3006186";"T001038";"10000";"A025297";"H008673";"NL01  ";"2018SJ00";"3863"
"3006187";"T001038";"10000";"A025297";"H008673";"NL01  ";"2019SJ00";"4209"
"3006188";"T001038";"10000";"A025297";"H008673";"NL01  ";"2020SJ00";"4836"
"3006189";"T001038";"10000";"A025297";"H008673";"NL01  ";"2021SJ00";"5225"
"3021744";"T001038";"10000";"A025297";"H008751";"NL01  ";"2000SJ00";"3508"
"3021745";"T001038";"10000";"A025297";"H008751";"NL01  ";"2001SJ00";"3785"
"3021746";"T001038";"10000";"A025297";"H008751";"NL01  ";"2002SJ00";"4063"
"3021747";"T001038";"10000";"A025297";"H008751";"NL01  ";"2003SJ00";"4388"
"3021748";"T001038";"10000";"A025297";"H008751";"NL01  ";"2004SJ00";"4730"
"3021749";"T001038";"10000";"A025297";"H008751";"NL01  ";"2005SJ00";"4929"
"3021750";"T001038";"10000";"A025297";"H008751";"NL01  ";"2006SJ00";"5050"
"3021751";"T001038";"10000";"A025297";"H008751";"NL01  ";"2007SJ00";"5100"
"3021752";"T001038";"10000";"A025297";"H008751";"NL01  ";"2008SJ00";"5253"
"3021753";"T001038";"10000";"A025297";"H008751";"NL01  ";"2009SJ00";"5433"
"3021754";"T001038";"10000";"A025297";"H008751";"NL01  ";"2010SJ00";"5621"
"3021755";"T001038";"10000";"A025297";"H008751";"NL01  ";"2011SJ00";"5424"
"3021756";"T001038";"10000";"A025297";"H008751";"NL01  ";"2012SJ00";"5111"
"3021757";"T001038";"10000";"A025297";"H008751";"NL01  ";"2013SJ00";"5255"
"3021758";"T001038";"10000";"A025297";"H008751";"NL01  ";"2014SJ00";"5146"
"3021759";"T001038";"10000";"A025297";"H008751";"NL01  ";"2015SJ00";"5079"
"3021760";"T001038";"10000";"A025297";"H008751";"NL01  ";"2016SJ00";"5044"
"3021761";"T001038";"10000";"A025297";"H008751";"NL01  ";"2017SJ00";"5098"
"3021762";"T001038";"10000";"A025297";"H008751";"NL01  ";"2018SJ00";"5212"
"3021763";"T001038";"10000";"A025297";"H008751";"NL01  ";"2019SJ00";"5352"
"3021764";"T001038";"10000";"A025297";"H008751";"NL01  ";"2020SJ00";"5776"
"3021765";"T001038";"10000";"A025297";"H008751";"NL01  ";"2021SJ00";"5843"
"3037320";"T001038";"10000";"A025297";"H007119";"NL01  ";"2000SJ00";"1983"
"3037321";"T001038";"10000";"A025297";"H007119";"NL01  ";"2001SJ00";"2166"
"3037322";"T001038";"10000";"A025297";"H007119";"NL01  ";"2002SJ00";"2335"
"3037323";"T001038";"10000";"A025297";"H007119";"NL01  ";"2003SJ00";"2557"
"3037324";"T001038";"10000";"A025297";"H007119";"NL01  ";"2004SJ00";"2790"
"3037325";"T001038";"10000";"A025297";"H007119";"NL01  ";"2005SJ00";"2793"
"3037326";"T001038";"10000";"A025297";"H007119";"NL01  ";"2006SJ00";"2846"
"3037327";"T001038";"10000";"A025297";"H007119";"NL01  ";"2007SJ00";"2904"
"3037328";"T001038";"10000";"A025297";"H007119";"NL01  ";"2008SJ00";"2951"
"3037329";"T001038";"10000";"A025297";"H007119";"NL01  ";"2009SJ00";"2898"
"3037330";"T001038";"10000";"A025297";"H007119";"NL01  ";"2010SJ00";"2904"
"3037331";"T001038";"10000";"A025297";"H007119";"NL01  ";"2011SJ00";"3120"
"3037332";"T001038";"10000";"A025297";"H007119";"NL01  ";"2012SJ00";"3044"
"3037333";"T001038";"10000";"A025297";"H007119";"NL01  ";"2013SJ00";"3115"
"3037334";"T001038";"10000";"A025297";"H007119";"NL01  ";"2014SJ00";"3080"
"3037335";"T001038";"10000";"A025297";"H007119";"NL01  ";"2015SJ00";"3073"
"3037336";"T001038";"10000";"A025297";"H007119";"NL01  ";"2016SJ00";"3052"
"3037337";"T001038";"10000";"A025297";"H007119";"NL01  ";"2017SJ00";"3080"
"3037338";"T001038";"10000";"A025297";"H007119";"NL01  ";"2018SJ00";"3070"
"3037339";"T001038";"10000";"A025297";"H007119";"NL01  ";"2019SJ00";"3107"
"3037340";"T001038";"10000";"A025297";"H007119";"NL01  ";"2020SJ00";"3370"
"3037341";"T001038";"10000";"A025297";"H007119";"NL01  ";"2021SJ00";"3422"
"3052896";"T001038";"10000";"A025297";"A008187";"NL01  ";"2000SJ00";"5117"
"3052897";"T001038";"10000";"A025297";"A008187";"NL01  ";"2001SJ00";"5904"
"3052898";"T001038";"10000";"A025297";"A008187";"NL01  ";"2002SJ00";"7120"
"3052899";"T001038";"10000";"A025297";"A008187";"NL01  ";"2003SJ00";"8841"
"3052900";"T001038";"10000";"A025297";"A008187";"NL01  ";"2004SJ00";"10197"
"3052901";"T001038";"10000";"A025297";"A008187";"NL01  ";"2005SJ00";"11216"
"3052902";"T001038";"10000";"A025297";"A008187";"NL01  ";"2006SJ00";"12005"
"3052903";"T001038";"10000";"A025297";"A008187";"NL01  ";"2007SJ00";"12813"
"3052904";"T001038";"10000";"A025297";"A008187";"NL01  ";"2008SJ00";"13794"
"3052905";"T001038";"10000";"A025297";"A008187";"NL01  ";"2009SJ00";"15261"
"3052906";"T001038";"10000";"A025297";"A008187";"NL01  ";"2010SJ00";"16652"
"3052907";"T001038";"10000";"A025297";"A008187";"NL01  ";"2011SJ00";"17162"
"3052908";"T001038";"10000";"A025297";"A008187";"NL01  ";"2012SJ00";"17646"
"3052909";"T001038";"10000";"A025297";"A008187";"NL01  ";"2013SJ00";"18730"
"3052910";"T001038";"10000";"A025297";"A008187";"NL01  ";"2014SJ00";"19624"
"3052911";"T001038";"10000";"A025297";"A008187";"NL01  ";"2015SJ00";"21303"
"3052912";"T001038";"10000";"A025297";"A008187";"NL01  ";"2016SJ00";"22766"
"3052913";"T001038";"10000";"A025297";"A008187";"NL01  ";"2017SJ00";"25105"
"3052914";"T001038";"10000";"A025297";"A008187";"NL01  ";"2018SJ00";"27815"
"3052915";"T001038";"10000";"A025297";"A008187";"NL01  ";"2019SJ00";"30496"
"3052916";"T001038";"10000";"A025297";"A008187";"NL01  ";"2020SJ00";"33604"
"3052917";"T001038";"10000";"A025297";"A008187";"NL01  ";"2021SJ00";"36202"
"3068472";"T001038";"10000";"A025297";"2012659";"NL01  ";"2000SJ00";"4178"
"3068473";"T001038";"10000";"A025297";"2012659";"NL01  ";"2001SJ00";"4121"
"3068474";"T001038";"10000";"A025297";"2012659";"NL01  ";"2002SJ00";"3951"
"3068475";"T001038";"10000";"A025297";"2012659";"NL01  ";"2003SJ00";"3649"
"3068476";"T001038";"10000";"A025297";"2012659";"NL01  ";"2004SJ00";"3783"
"3068477";"T001038";"10000";"A025297";"2012659";"NL01  ";"2005SJ00";"4031"
"3068478";"T001038";"10000";"A025297";"2012659";"NL01  ";"2006SJ00";"4449"
"3068479";"T001038";"10000";"A025297";"2012659";"NL01  ";"2007SJ00";"4885"
"3068480";"T001038";"10000";"A025297";"2012659";"NL01  ";"2008SJ00";"4247"
"3068481";"T001038";"10000";"A025297";"2012659";"NL01  ";"2009SJ00";"7048"
"3068482";"T001038";"10000";"A025297";"2012659";"NL01  ";"2010SJ00";"2811"
"3068483";"T001038";"10000";"A025297";"2012659";"NL01  ";"2011SJ00";"3066"
"3068484";"T001038";"10000";"A025297";"2012659";"NL01  ";"2012SJ00";"685"
"3068485";"T001038";"10000";"A025297";"2012659";"NL01  ";"2013SJ00";"787"
"3068486";"T001038";"10000";"A025297";"2012659";"NL01  ";"2014SJ00";"56"
"3068487";"T001038";"10000";"A025297";"2012659";"NL01  ";"2015SJ00";"38"
"3068488";"T001038";"10000";"A025297";"2012659";"NL01  ";"2016SJ00";"44"
"3068489";"T001038";"10000";"A025297";"2012659";"NL01  ";"2017SJ00";"32"
"3068490";"T001038";"10000";"A025297";"2012659";"NL01  ";"2018SJ00";"40"
"3068491";"T001038";"10000";"A025297";"2012659";"NL01  ";"2019SJ00";"42"
"3068492";"T001038";"10000";"A025297";"2012659";"NL01  ";"2020SJ00";"30"
"3068493";"T001038";"10000";"A025297";"2012659";"NL01  ";"2021SJ00";"249"
